cifar_index,label
22085,6
27619,3
44768,3
1716,7
11711,6
37963,4
7748,8
33278,6
43068,1
32267,0
27440,0
14521,4
17483,4
2063,7
49394,6
47200,2
20610,4
35846,0
1776,7
4742,8
22238,0
18659,0
38354,4
33083,2
2415,4
31992,7
38898,0
37662,3
33311,5
27510,1
12958,2
43922,3
39071,3
6978,5
4431,2
6950,4
1409,2
25601,7
20327,1
30889,5
48824,4
28224,2
3657,9
30627,4
3176,4
34553,2
20474,0
46398,4
18462,3
45111,4
32383,7
3235,2
11254,4
27196,9
18894,5
33204,2
22694,9
49662,9
23295,3
4585,1
16227,7
43789,1
22574,7
9719,7
8602,9
36741,9
5138,9
36158,1
43931,7
5340,2
33760,8
28318,9
28600,4
29306,9
1486,5
42034,7
21841,2
3255,7
8983,6
38197,6
41031,4
22662,3
18019,9
9265,8
47809,6
9883,8
8741,0
22140,9
6122,1
4388,3
27160,9
16108,8
27706,0
19558,2
41971,0
38359,5
12214,6
25611,1
47660,9
18226,9
23893,8
42805,1
11100,0
19252,5
41491,6
7220,3
33822,2
11155,5
7638,6
2617,0
1406,4
14252,2
31184,8
20145,2
7937,6
35356,1
8819,2
8321,2
32306,8
34007,5
47415,4
23064,2
43408,8
36164,6
7820,6
25332,4
38281,4
18960,3
31317,8
5196,1
15109,2
35997,4
7444,0
37139,9
48476,0
37223,3
2952,8
43774,7
44894,4
362,7
10319,5
1836,6
36781,3
28303,6
39450,9
49760,7
36062,6
49474,5
37645,2
21565,8
18635,2
23864,1
6145,6
18696,1
30568,7
47711,0
4109,2
9076,8
45774,6
14967,1
21331,1
40877,3
30215,9
26691,9
45620,8
47063,8
34158,9
20451,5
3085,1
5106,3
22632,5
7424,4
44717,4
41810,4
19470,9
13021,4
12136,4
46364,7
47151,1
29640,6
8571,1
2117,5
1251,1
39772,4
8608,7
19227,8
48398,5
41238,0
25688,3
38666,8
5710,7
20420,9
12338,2
39599,3
2525,3
43514,1
9535,1
8674,5
24053,8
41543,8
27502,0
15834,3
26399,3
2868,2
41569,3
5766,7
21409,7
36693,0
6949,6
1672,9
33368,0
25530,2
45221,4
12760,9
30416,9
16429,6
34324,6
10494,9
30750,1
37075,4
17021,9
17182,7
39502,8
24307,6
11296,9
12596,6
33999,0
12353,8
826,8
20007,3
44320,0
24354,6
23428,1
24840,5
17549,7
38427,5
43964,7
4181,6
20576,7
31646,5
40948,9
48596,7
16847,8
15654,2
26071,5
6117,7
15907,2
17442,8
18263,1
41766,4
49497,0
43852,5
36939,8
48133,8
15815,5
37302,7
32782,5
3610,2
44400,4
19012,5
34136,3
23947,5
14869,4
7321,6
15022,8
18738,4
18420,6
30938,6
4525,2
48778,0
46841,3
49729,5
19103,0
30042,5
13226,2
49982,3
2134,6
37978,0
22439,6
49904,9
3278,5
39689,3
11934,2
27974,5
17246,8
44283,4
9392,1
1515,8
16273,3
673,2
28741,5
32206,0
48336,8
22110,3
41705,3
46460,4
5663,1
17086,2
43077,0
9972,8
43313,3
46846,6
38951,3
3194,3
41324,0
24597,3
49064,9
17705,8
38465,4
20813,0
25587,2
48890,5
17228,9
21644,6
15917,4
14369,8
25327,8
41139,5
49472,5
4733,5
9990,9
13407,9
23907,8
24678,1
10159,0
35281,0
12633,7
5831,1
41871,3
45045,8
29452,5
34109,0
32448,8
28047,5
5391,0
18256,6
21690,9
24245,9
18243,5
796,2
17540,3
48779,2
27711,5
19310,1
27562,0
28885,4
41948,1
16996,7
5789,6
26052,5
38786,6
29252,1
36966,8
18670,1
21988,9
13753,6
14610,9
29744,1
30246,2
39224,6
1215,7
26351,4
42263,9
3740,8
17735,2
39487,5
43097,4
26944,8
18793,7
45279,4
24882,6
40698,9
42980,6
46871,1
34342,8
39681,3
10857,3
2609,9
31862,9
44111,7
13835,0
6812,3
8593,7
41407,2
5486,4
23198,1
42926,8
13447,2
20507,3
49372,8
6560,4
32604,2
34057,5
25575,7
16717,9
22901,7
22307,2
35270,6
28567,9
23079,0
28661,5
31713,9
23309,4
34551,5
25712,0
38778,9
18815,5
35773,9
5639,2
4602,8
46427,1
5227,4
30577,8
6595,3
5782,7
26550,1
37572,2
10265,0
15375,9
5150,2
45330,3
7792,0
37516,8
41142,6
6514,8
26538,8
5874,0
7926,5
17215,9
15066,9
39020,6
3135,7
49925,7
39536,7
6886,2
3910,3
26675,3
13189,3
32185,7
39264,9
17131,4
22163,1
43937,6
24346,7
22056,8
10185,7
31174,9
47020,9
29249,2
37822,6
47984,6
31823,2
46195,9
10341,3
18587,5
27127,6
27183,6
14242,7
32043,3
45033,9
2706,9
25184,3
11830,8
11957,4
6742,3
35540,8
42771,7
15682,3
24737,4
23585,7
16660,2
29197,9
28053,9
38266,1
1061,5
44430,0
22416,5
37548,3
23743,4
17551,9
3583,2
41394,3
2455,1
43190,2
32006,3
31725,8
8901,7
827,2
31960,5
24125,9
45887,5
31110,1
36481,2
46498,8
2690,6
41857,1
29417,2
18252,9
29938,9
48781,4
21968,9
36229,8
38521,3
16514,4
3406,8
30442,4
40795,9
35608,0
43646,1
13657,9
41019,0
6225,8
46074,5
44806,0
27876,3
1533,2
35460,2
13685,5
3169,8
43632,4
2289,1
32036,2
11766,2
46516,2
26013,9
2430,7
33581,4
10412,2
13017,9
20239,8
41253,8
22945,8
21688,9
28802,2
6745,6
32779,7
22765,4
40083,9
31043,5
45037,8
28297,1
43585,1
34509,7
31589,7
42957,8
8487,4
47786,5
35443,4
38374,8
16530,2
6413,9
19999,5
41662,2
13132,7
38659,6
27441,3
41170,1
10092,9
27908,0
12025,1
39855,9
12253,4
27367,6
14905,4
16827,3
28162,3
39531,0
34524,5
24859,0
49214,6
22024,9
30553,1
28800,8
1960,0
19891,9
16838,0
7374,1
46673,2
16025,7
42168,2
35897,9
36827,9
35730,8
45412,0
9448,2
37559,5
21617,7
41196,6
37210,5
29810,3
43307,5
26446,9
11734,0
48515,1
33765,5
11434,3
45509,0
38787,4
24179,0
36095,2
44874,7
30786,2
12661,5
43654,5
19737,2
2432,3
46907,2
7494,9
6109,1
35669,3
35023,4
30868,3
28883,0
49363,7
41750,4
24046,4
41243,0
4164,9
20059,5
4094,6
21136,7
32184,5
12197,8
42970,3
40142,6
43693,5
44073,6
12313,4
16801,0
11843,2
7555,2
31614,2
39985,7
49779,9
44180,8
9591,3
43330,5
41583,5
13418,2
3776,4
29720,6
19751,9
34208,8
15847,2
32212,6
39021,3
28170,4
9530,6
5991,7
18204,2
3096,6
45501,5
35461,9
11375,5
37347,9
48567,7
2797,8
19913,3
23624,9
37695,7
22389,6
8112,2
17912,3
40412,9
45193,2
38542,1
20791,7
8331,4
4975,8
3443,0
23194,0
10061,0
4488,6
47924,7
47093,0
24094,0
20745,1
3015,5
26473,5
36288,9
11719,6
13651,5
43625,7
47670,1
2231,5
46209,5
4922,5
47309,2
28219,4
48480,2
46490,4
43995,6
33102,7
17602,6
22055,1
43377,9
23274,9
21511,9
21963,7
46430,0
29598,8
20659,4
9348,2
8820,6
4038,2
47411,2
46058,3
29527,1
44188,9
32154,7
17690,2
18661,2
42322,7
26626,3
7116,2
45266,6
21572,6
36252,0
15961,1
33950,0
12182,9
11984,9
5795,8
8456,4
46939,3
48339,9
41345,0
12915,0
44151,7
12522,4
28489,4
25015,5
1057,3
4638,9
20220,2
32743,1
3624,8
13079,8
38921,0
45127,7
7657,9
47087,7
13390,6
39402,1
20767,6
36617,5
31994,5
39208,1
3352,0
40838,1
44001,0
22124,4
26610,9
19376,2
46510,5
18111,3
43880,6
14553,6
23455,4
8281,9
27887,8
27551,9
37080,3
28415,9
39773,3
22224,5
21779,4
150,3
26931,7
5143,4
29893,0
1552,6
22229,5
45655,1
13873,3
45240,8
41020,3
10611,3
26225,8
28071,9
30631,2
18610,6
34652,6
24801,3
5053,3
45215,5
5587,0
7850,2
18820,6
24514,0
41490,0
22471,8
4052,2
19232,0
9618,4
31421,6
3403,6
34540,1
33230,1
7655,0
29415,2
15923,0
31354,8
39819,0
39911,1
6466,3
49828,8
36487,5
37827,4
34724,0
10649,6
30934,9
5281,2
11078,0
39664,0
16690,2
4797,1
43486,4
807,6
10760,5
38988,5
45616,4
47998,3
48991,5
5839,9
16679,1
36262,8
38045,8
43005,5
44695,6
19447,3
26341,0
48014,2
29435,9
14310,4
22181,9
41062,5
49798,6
49616,1
24343,9
27249,9
35004,1
4483,3
33951,1
10364,6
18051,7
19430,6
19807,0
46567,9
25676,3
34317,3
10775,8
1190,9
24136,2
31081,3
49218,3
49553,8
31422,9
49973,1
21473,4
13237,7
29085,9
7500,3
21507,9
14735,3
45474,6
40368,8
28892,4
24781,6
26989,9
13927,4
16167,8
7,7
27279,5
14977,7
13378,7
26427,0
16431,5
42741,9
31285,2
31995,5
15059,1
46256,6
17924,1
15939,5
20668,8
34772,9
555,0
32937,1
46479,8
720,6
7430,1
24253,9
40480,2
43064,1
28876,1
33560,3
3103,1
11660,9
35088,8
48935,5
31343,2
34624,2
27699,8
27480,2
36774,1
15842,7
9794,3
4468,0
46239,5
35559,6
28664,2
25112,9
38990,5
32018,4
17686,4
48687,0
3389,7
28342,5
44059,8
40757,4
17826,2
35392,7
36488,4
16374,5
14581,8
26110,2
47179,8
49967,8
31669,1
14726,4
40263,3
33777,2
20825,9
19819,5
48814,3
12875,1
28866,0
40143,0
16428,1
99,1
15956,7
33513,2
24758,7
33238,3
29009,6
30258,2
17981,2
40317,0
34021,8
3702,9
38438,6
21312,8
9404,2
27917,9
39400,7
26484,8
27765,6
22733,2
8522,0
47565,2
19867,1
38157,1
18434,4
3519,4
19234,3
19099,3
33731,6
38532,9
17242,7
41963,1
3927,3
11481,4
18679,3
4931,2
34752,4
49841,7
33996,0
25411,7
3800,8
21177,6
6343,3
14549,1
9338,3
41480,5
31370,8
47141,4
49542,8
20677,8
5035,7
16848,1
38979,4
38768,9
4619,0
36953,8
9335,1
8328,5
45204,7
3517,2
6215,5
15555,3
3688,4
49477,9
38721,6
42993,2
2405,7
27635,7
43949,0
20358,8
38934,7
21198,5
35473,7
48524,3
20376,1
20897,1
12585,8
48295,0
12852,6
17684,6
14772,6
48774,8
44369,0
47790,6
21789,4
49827,8
37024,1
29839,3
25672,4
9035,5
29881,0
4784,9
34545,3
6409,7
41112,8
14484,4
43999,5
6670,1
48076,8
5759,1
29624,5
46392,8
22652,9
43096,8
17699,3
28202,7
16762,6
46932,3
19666,8
24201,2
7602,4
39019,2
26299,2
26081,0
5422,1
30913,0
13274,8
32396,6
23504,1
27464,6
42377,5
24315,8
38840,5
21084,6
48015,2
10316,9
21698,6
524,1
33395,2
48797,5
42513,5
18878,9
6378,4
13334,0
5718,6
44578,7
29982,3
16054,9
21262,2
30092,7
35832,3
39924,3
25755,7
44407,5
49329,2
44454,0
49320,6
48488,4
4092,8
3619,5
8620,7
33202,0
14163,6
9487,9
5060,7
6107,6
2480,7
44586,4
8062,0
29681,2
38397,6
26005,3
15338,6
27460,0
42317,5
44211,5
43351,4
15736,5
15796,7
26571,0
34084,5
26841,6
26111,3
29524,8
41748,1
45821,1
25500,6
49583,9
23913,3
47016,2
42695,4
24162,9
36147,6
24875,5
47198,3
40466,6
42940,5
19840,9
13060,0
5399,5
43431,6
38580,0
45368,5
20643,1
46183,2
38117,9
31863,0
6937,9
34181,2
5085,6
17130,8
6106,2
16672,4
31391,0
7752,9
16402,2
37191,0
41368,1
39996,1
2173,1
33240,8
27218,6
45254,6
16119,3
38588,6
4286,4
11649,4
47325,7
42020,2
9728,9
10280,2
43814,0
25851,6
28007,5
15890,2
14001,5
49670,9
21917,6
46899,5
32830,0
28566,7
49492,3
40812,9
20595,1
3746,5
39940,1
29244,0
44721,0
14845,6
31114,9
36949,8
34692,4
44992,1
1782,8
18412,3
12478,4
26701,6
31571,9
34520,7
14499,0
22943,1
49571,8
45772,5
19059,4
14715,2
23843,2
40157,9
38628,0
22928,7
38800,8
1801,5
2702,2
7958,6
24290,4
3735,1
21188,4
45624,4
12709,9
47196,3
27855,0
34008,5
44615,8
24501,8
24150,8
33786,9
1576,2
35758,0
8802,8
26250,8
14127,2
17694,1
12125,8
7486,6
17289,9
33443,3
32691,8
399,4
9968,3
40269,5
24550,9
15346,8
14655,2
6502,2
45788,8
27228,1
31911,9
8463,5
41312,2
2835,4
34842,9
30239,2
47365,1
38182,2
1397,8
31586,0
31170,8
45078,6
20115,6
13239,1
26147,8
9185,3
11810,4
16927,6
14932,5
48098,9
31171,2
32486,1
10703,5
18195,7
47383,7
10378,2
13870,9
44421,5
36717,9
41119,5
48132,3
14235,4
28907,9
28659,5
25937,7
5501,4
28956,6
8430,7
39369,4
8893,1
42786,0
48618,0
20392,7
45197,9
30229,2
46122,6
1852,2
20499,7
27872,6
29766,8
32461,8
20796,1
12970,9
13635,6
14459,2
4808,5
26415,6
8259,3
29426,6
21522,0
22191,6
6193,6
22400,8
5846,7
47880,7
28120,9
35668,1
7461,9
16330,8
19911,1
26907,3
10659,9
39524,1
13317,1
38504,3
11026,3
17942,7
46523,0
29946,5
32814,8
47292,3
33209,4
35327,0
25634,5
13232,2
49,0
7945,7
44879,2
9817,3
21279,5
47183,5
21140,8
4653,0
43866,5
38112,0
13186,4
8,8
45022,4
36866,9
29253,6
4461,8
31272,2
45758,7
10077,7
33627,6
23488,5
47381,0
43745,2
40882,6
43174,6
13023,4
48155,5
4024,7
46785,5
39845,5
40544,6
3348,7
29018,7
47615,8
15499,5
1242,1
37915,5
9182,3
10410,5
19459,5
4596,6
20079,1
49653,6
43835,4
12894,1
48853,7
3017,5
26123,3
34726,9
7927,6
45428,2
2567,2
25422,0
2708,2
15608,6
35936,2
21423,1
17730,8
28901,9
28054,1
27388,4
3722,9
6939,7
11814,9
22566,7
42996,7
5988,0
31946,8
1228,6
17703,9
25971,3
24942,4
1536,6
22166,9
14222,7
5538,7
3546,3
43630,3
28028,3
40211,0
38305,5
42571,8
27695,9
27938,3
39227,6
34682,3
8902,5
30769,0
43076,0
24833,1
6334,2
46508,7
26410,5
27203,3
47879,8
7667,3
35737,9
30452,3
29169,9
3992,1
2314,5
8978,3
36279,0
29735,0
16737,9
49829,6
40736,2
25752,9
34732,5
41073,0
44185,1
44875,0
46812,3
8691,5
41137,3
2875,2
41167,0
29538,6
1500,2
29695,8
17983,0
23416,2
14258,4
3919,4
7547,0
19420,6
37331,5
22561,2
17632,4
17718,1
28723,5
16539,6
39337,6
13159,5
47590,7
29855,3
35146,2
608,0
20438,1
1996,8
25975,1
29342,5
10625,8
25323,1
37401,1
6609,0
10638,8
38745,2
17221,0
25721,8
18162,2
21767,5
2838,9
42525,6
40026,7
7240,9
30398,8
17998,0
46276,4
3854,7
37685,5
32592,0
9495,0
12553,0
49221,1
22233,9
7534,8
9429,3
40622,9
10211,6
8004,4
38579,1
45629,5
39054,6
37855,2
23542,6
24050,7
18614,0
41780,7
5037,0
1388,4
16997,1
929,6
30530,1
27243,8
9627,8
37972,2
32005,4
34720,1
24952,5
10666,7
27532,8
43561,6
45390,0
9546,4
25468,9
26601,1
25740,5
16549,1
36967,9
6405,3
6641,7
22899,1
32143,3
24724,6
41502,1
7511,0
32618,8
32259,8
17574,6
6986,7
5548,4
29610,4
6430,3
49220,8
12232,1
4294,3
39550,2
49117,3
26533,7
14527,3
36075,5
314,3
43329,9
36356,0
18952,2
20531,3
33705,1
23235,3
25445,5
8873,6
13859,8
12979,9
13546,8
4754,9
37636,7
45245,5
25335,4
38633,0
11214,7
10898,2
1820,1
15261,1
31138,1
32270,4
41390,7
10947,4
3973,4
34483,9
44704,3
18859,1
34829,6
103,6
31490,9
38180,7
41297,6
34911,1
1599,1
43735,3
35475,0
42415,6
2376,3
26840,0
24734,2
25695,2
33366,6
20206,4
15187,9
28201,7
45696,9
26395,6
46289,5
33374,7
13038,4
26775,5
5687,8
6546,9
41289,1
2520,4
4429,4
44710,9
23561,7
42697,1
12434,6
25758,8
37121,2
11944,0
4610,5
648,2
26411,7
6754,6
8725,9
16170,9
13228,2
38718,0
35312,6
16571,2
45016,1
26231,6
23411,6
19138,6
9775,4
22522,1
49056,6
47144,4
11970,3
44895,9
19929,3
4404,6
36640,9
31754,3
5177,6
19247,7
32273,9
49528,0
34547,0
8482,2
15952,5
10883,3
46451,2
38108,5
10263,2
5618,2
34082,4
33468,6
45890,8
36029,9
19746,4
43347,5
4048,0
8778,0
40720,2
46579,9
10535,1
43673,9
3967,8
20101,5
35880,2
15630,8
22715,5
48868,9
3579,8
9877,6
8678,8
4325,7
30592,7
25026,5
35445,5
4140,8
27516,0
27232,7
31760,9
30589,4
43991,5
49679,8
22737,5
20315,5
38471,5
26513,6
32083,1
25064,2
22792,7
18982,9
10233,8
21271,5
32392,3
16322,3
23601,1
13816,8
22648,0
18290,4
48333,8
5405,4
49686,2
30323,6
42691,5
4540,0
12988,3
30149,6
41032,1
47235,5
21156,3
1124,3
10429,5
4185,1
18503,2
44313,3
16975,9
12075,4
33415,1
37535,9
4957,0
25907,9
6947,0
24798,2
823,1
28198,7
33005,8
22923,3
30548,7
4030,0
34729,2
34525,9
11235,4
18329,3
11844,0
6427,2
9120,3
43436,7
30000,0
47459,7
20060,4
34782,7
45909,3
5562,9
25815,6
39711,7
28704,3
25574,0
46064,7
4005,9
18898,9
17302,2
12020,8
13161,5
17011,0
9118,1
32331,8
12883,0
26729,1
34026,0
44668,0
13858,1
47921,4
12398,2
47598,7
1661,5
30781,7
37627,4
17408,7
34188,5
42598,7
39633,7
14104,4
40219,4
9193,0
26822,9
23317,1
17323,4
21895,9
36564,6
13565,8
3717,4
24621,7
20421,5
44293,5
21363,2
44184,6
4546,6
26340,6
22817,1
45670,3
35474,4
46288,5
12349,5
15771,6
20720,9
9713,4
27555,2
42401,4
46976,3
19512,4
10616,2
14877,0
45367,2
35158,7
47694,8
12142,7
41064,6
37667,9
23500,1
13216,6
18006,3
35962,7
39651,3
43627,4
38971,2
34781,0
41378,1
3903,0
17055,5
10559,9
25234,6
46010,5
14317,2
2896,4
38996,2
43584,4
44644,2
14228,2
9051,3
44800,3
43223,7
9468,6
24924,9
6485,4
361,6
5441,0
43117,6
3315,1
583,3
3770,8
5248,2
5647,2
28683,8
49054,3
34749,8
38854,5
49524,7
11294,3
18017,7
17138,2
16479,8
18352,7
23040,6
41868,0
27505,7
15610,1
32010,6
48311,8
10850,9
25916,7
49962,6
13623,8
34377,2
26838,4
27061,8
40564,9
41247,8
28744,4
26904,3
3520,2
6768,6
17279,1
34423,9
7426,3
38149,3
20190,0
32198,6
30839,3
12603,4
47154,9
38090,4
32327,8
15020,7
43183,8
8117,4
12623,2
43029,8
31866,4
12700,9
41660,7
2635,8
36884,4
20686,0
7816,7
39188,6
27851,8
2249,1
3809,6
15289,2
29170,8
36596,6
19018,1
11267,5
7788,0
5677,4
39922,6
44147,4
106,8
41544,9
40002,5
20699,7
24357,5
170,8
46902,0
28592,3
12650,8
19947,1
3320,3
32964,9
21969,3
38081,8
48330,5
22160,9
20038,2
41931,4
24876,8
6731,1
16727,8
17051,3
5395,9
5387,1
26573,3
30171,0
46269,9
44814,6
8032,2
40603,3
4758,8
35255,2
10292,1
21864,3
10613,8
4342,2
42961,5
28703,0
10900,4
8939,4
16668,6
42739,9
43081,9
1554,3
48077,5
20354,9
48762,3
41697,5
34269,1
11534,3
35571,6
31039,9
19019,6
434,4
11519,5
22422,1
12767,0
12721,2
26176,2
26501,5
30890,7
10209,3
43657,0
25497,7
44967,0
31559,5
49891,0
17254,7
44056,9
20534,3
10253,6
35616,2
47400,8
22331,2
20297,6
32980,3
49966,6
37979,1
34267,4
44652,2
45577,9
40151,5
12887,6
23175,0
38100,3
38563,2
29032,5
31790,9
7487,3
21758,0
6694,5
17382,2
24711,5
28248,1
47719,2
44922,7
3010,6
36895,7
29323,7
14279,9
1210,6
49547,5
26015,8
35219,6
14146,2
1615,4
35,0
20959,2
19270,2
3861,6
7870,5
39117,9
32163,9
16406,2
46376,1
15308,1
9504,7
32291,2
15879,6
28752,4
32182,8
3211,0
12667,2
1655,3
43143,6
19398,8
14919,3
35926,1
43041,2
13553,8
44157,9
820,2
46782,0
43853,1
43447,1
39580,2
4132,1
33309,6
7521,2
10023,4
8151,3
29179,9
12101,6
30569,6
46914,1
31821,2
36240,3
11817,1
31122,1
12810,4
21007,7
47404,0
19725,8
794,7
1167,7
16248,1
36794,9
7404,4
47340,9
22036,7
47065,5
45907,8
12350,1
46711,7
38352,2
33452,1
31626,3
12874,6
12369,6
4006,1
30275,5
45377,1
6484,2
6932,6
6163,9
1766,6
23063,3
8096,0
28537,8
24194,1
48138,1
47749,1
29168,9
202,9
38621,9
25754,8
18201,8
4869,0
16046,9
46210,8
27836,7
33451,0
42362,9
4418,2
42144,2
10380,1
31481,0
36013,8
26377,5
39592,8
15778,3
11678,9
19682,0
36152,2
21780,5
7849,7
4414,3
5321,3
34419,8
36403,8
39323,6
25267,0
32614,3
13248,0
19090,8
5202,1
9411,1
34065,1
48465,1
7017,5
46302,9
18397,8
42374,6
19527,0
48735,2
13998,5
17173,6
33549,8
5586,3
13641,8
28123,9
21946,4
32603,1
42552,6
1900,7
34725,6
7269,4
38064,1
1598,0
26547,8
10340,0
24912,6
21728,3
44760,4
20804,9
37998,3
11614,1
26508,9
26748,6
44746,0
46476,4
20604,8
8181,1
23994,4
11144,6
20176,9
12771,8
13151,5
27428,4
37990,2
8650,9
42422,9
2888,6
21195,0
30779,3
38757,6
30201,5
13668,0
13165,0
40402,8
31858,6
49393,8
18991,8
21547,1
45325,8
31532,2
19937,8
9731,4
1159,6
13913,3
519,8
6780,4
35320,2
43275,5
1901,1
44959,6
19893,9
15298,3
7197,7
5362,0
16007,4
31519,2
24592,0
11220,2
27168,9
32532,8
47350,8
47211,5
25424,3
24934,8
27487,0
42139,9
49388,8
10928,8
6673,1
28689,2
8590,5
49106,2
29242,5
18996,8
42337,5
16246,8
49621,6
33986,5
19865,1
1325,8
28912,0
8557,6
33155,7
13761,2
12600,8
15650,6
36186,2
13660,0
10832,1
49361,6
29657,4
29046,4
28954,8
36074,3
16641,9
14332,9
18722,6
41751,0
9060,3
32568,7
19566,3
48023,4
40173,1
19804,0
42835,8
26540,4
23677,2
47471,6
30228,4
17111,1
44564,9
36835,2
11690,6
46592,1
49120,5
16303,2
4130,6
16419,5
2001,9
22284,4
5296,2
38020,6
27411,7
6390,2
22936,1
48670,8
23070,2
44536,6
21756,6
49003,9
10827,9
45441,4
40460,0
34277,7
27810,9
1472,9
32823,8
39347,5
16297,0
29231,1
7462,0
7688,2
17468,9
41158,3
39674,1
33435,5
18745,0
45341,2
40768,0
28519,5
20885,6
35087,6
10741,0
3457,3
5703,0
43389,6
37760,7
37601,7
23080,8
49302,6
48978,0
19955,6
20783,1
44449,9
9261,9
18344,9
791,9
28263,5
18343,9
6490,3
31952,7
41721,2
30103,1
1000,9
43538,6
5966,3
30951,1
1169,4
16629,1
42500,7
41631,9
17897,3
43529,4
5111,2
14532,4
6525,9
36526,8
12367,6
37564,6
4750,4
43453,1
9445,5
18346,5
4543,0
626,0
1481,0
47725,5
43943,9
11613,8
3613,9
45778,3
34511,7
42162,8
38389,2
1463,0
2713,6
33296,4
10287,9
10587,3
44937,8
45060,2
14947,7
33793,2
21475,6
31707,2
417,0
33826,4
45313,0
35216,2
17721,5
16450,0
46359,1
21305,0
46792,7
39059,0
12013,3
39034,6
47872,2
25177,0
34291,7
3581,7
7442,1
39964,1
22334,1
28897,0
31435,0
49176,0
43416,1
17476,6
33964,3
30337,5
34164,1
13049,6
49150,1
45467,3
26757,2
29689,8
49425,9
27360,9
22582,4
47272,7
12714,7
28528,7
28631,3
20599,9
27621,8
22677,4
23365,3
44398,7
3233,1
21001,7
32357,8
39993,9
42202,8
22369,4
23320,0
41937,3
24140,8
23699,7
25876,7
4098,3
13712,0
21214,5
20519,9
31609,4
37201,9
29298,2
19773,1
2025,3
20156,5
4455,2
27921,4
41965,6
14700,5
19762,6
37356,6
45862,6
6945,3
42395,9
19907,6
19482,6
16291,5
13174,0
29583,3
145,4
48676,2
33677,2
11863,8
28569,7
12686,5
15135,8
30740,2
32640,7
27631,4
2763,5
32985,6
31593,0
11403,1
22442,9
43822,2
8304,2
7282,8
4287,8
10242,5
15938,4
40273,6
42678,0
2550,2
13591,8
43211,0
27064,3
6127,6
10601,0
42343,9
4502,8
38927,8
5872,5
37782,9
32699,6
21197,4
25692,4
30651,7
21345,0
29028,3
36915,4
24626,6
40475,1
2305,5
5175,5
27236,4
5361,6
19437,5
2733,5
29107,6
21818,3
48726,8
13238,0
7784,0
12734,5
26969,5
45072,6
3,4
42542,2
26321,2
37350,3
26831,7
36315,9
86,4
22848,5
31189,8
25205,5
34529,2
520,4
32742,9
11938,3
4362,5
13281,3
63,2
38924,5
21763,6
428,9
41449,7
46996,7
48058,3
3294,8
45086,9
14464,8
11302,0
24676,0
20669,5
28121,3
47990,8
5683,1
29723,4
32405,3
6987,6
27076,2
8120,8
31452,7
7199,9
40429,8
7316,6
45165,6
18436,0
12244,7
31491,7
40779,5
12533,2
15071,6
7631,0
5549,0
32598,5
2817,8
17105,6
2545,1
45951,2
44306,5
36219,3
11966,1
2427,0
18206,1
5412,7
44391,9
16941,7
12626,8
48404,2
40891,3
12340,1
24589,0
22763,1
41774,0
17746,1
5583,6
28293,7
45970,6
46739,8
8973,1
41335,8
21848,1
34977,8
42680,7
19880,1
40504,0
9795,7
5631,4
500,5
6605,4
42169,6
6379,8
26683,7
1926,0
12580,4
27677,5
27092,5
8991,6
1424,0
7345,5
25910,1
4863,8
31147,1
4843,6
7767,4
21648,9
44024,5
7146,2
21944,5
41293,6
44755,9
12723,4
42207,8
14489,7
39637,6
22558,5
32674,6
45531,5
27632,6
12514,5
7604,7
44981,8
21810,5
39708,7
2308,9
34468,8
23391,1
49805,4
4104,4
6826,6
2000,7
45329,1
21711,2
22371,4
9961,9
44774,2
3759,4
4300,8
2274,6
33350,2
2280,1
42108,6
5749,5
16329,9
8520,3
3951,0
8444,0
6188,0
49581,6
47766,0
14816,4
9547,5
22756,9
16277,5
38444,3
9049,4
35915,4
77,0
20661,1
4255,5
10182,3
48527,7
41316,9
45685,1
11082,1
37407,9
30441,5
48833,2
8789,2
4721,0
7136,2
46917,8
4748,2
31504,7
46790,4
20473,0
3031,5
24238,5
21920,5
7471,9
16792,8
34657,8
27883,7
42826,8
32612,9
46605,3
34543,6
13868,8
10602,7
28349,4
20623,6
32958,6
4866,1
18133,0
12590,4
14653,7
17681,4
13743,8
5866,8
46885,6
38656,0
29470,2
9344,8
48256,7
36166,5
21516,9
44090,2
39464,6
49970,3
33923,0
29521,5
16172,1
47639,1
542,5
43731,0
34375,1
45617,8
46853,5
10818,7
10988,7
29361,4
44337,5
34046,7
2152,6
13733,3
24895,6
29563,2
49623,6
19126,3
25373,6
15363,1
24103,6
1348,4
21646,8
22096,8
47806,8
20127,0
17270,9
25856,1
47518,3
42212,5
11202,2
30465,9
35635,1
48019,3
48354,2
31579,4
26782,6
22236,6
21624,1
40305,2
21164,8
8516,7
26672,8
45724,7
41373,8
1757,0
39039,1
46300,7
46193,6
39136,7
45263,4
17992,4
30033,6
38680,5
13581,3
49775,3
17801,4
10730,7
12084,4
17510,4
31349,4
17481,2
19681,3
42284,7
20326,3
44223,5
39186,4
22466,9
25512,2
11756,6
23468,4
43711,1
33759,6
31558,6
49958,3
13829,5
26419,6
17123,4
33363,0
10759,5
33832,1
36420,4
6757,2
24388,9
1541,1
49822,3
42461,5
18966,5
45337,7
30995,3
39696,1
49127,8
17774,2
7242,6
6441,7
7695,8
2858,4
46333,4
37719,4
38363,9
43702,2
48861,0
25504,3
44848,5
27379,6
43749,3
8201,1
14147,4
15944,2
31701,4
39568,6
30137,5
31135,6
24019,2
46039,9
432,1
30471,1
43716,3
7538,6
38985,9
7865,0
33961,4
25240,5
40192,8
32394,8
22213,4
4479,5
17734,1
7034,6
46566,4
32528,7
4309,6
16145,7
5664,3
33098,3
30883,7
26339,6
19276,3
46307,6
34744,4
30657,5
27613,4
45014,1
23373,6
9785,6
19864,3
44415,1
38719,1
16181,4
5279,7
18545,0
38607,8
7314,7
43636,1
20700,2
34892,8
41223,2
67,9
33766,9
36422,3
3483,1
15644,7
19580,3
6087,9
38906,4
27891,4
46109,3
22103,5
43140,5
21300,9
37762,9
39378,7
45274,4
15934,1
24796,5
34998,0
14959,6
13400,0
17428,9
28798,1
8453,0
44096,6
15918,4
8822,3
19838,3
41833,8
7024,4
17386,8
37917,6
14211,8
17376,5
19957,4
29743,4
29614,7
47529,1
35431,4
9904,3
36168,4
7187,0
2411,6
33659,7
7093,0
8467,3
20130,2
12019,6
503,8
20056,1
19144,1
32861,8
13817,0
15161,8
43257,3
46781,9
19786,5
45379,3
6631,8
32393,5
27141,5
4890,5
1987,9
14620,2
7382,4
37476,1
24727,3
16024,4
24730,9
31365,4
3986,6
27444,0
39190,6
41049,6
3021,5
46688,3
2354,2
9154,8
40445,8
47674,2
20445,5
11569,8
47276,6
26270,7
5612,9
12878,9
10945,5
13968,1
16500,6
45762,5
47854,8
40658,4
20710,0
30906,6
38529,5
6274,4
48770,6
28549,9
16469,5
5539,3
24657,9
14974,4
33004,4
22295,6
30102,2
33947,4
20178,5
21127,5
1628,6
31313,8
10147,8
119,1
19621,8
3114,0
4743,8
26281,5
2357,9
31252,9
16055,9
16947,1
36578,1
30251,2
14017,2
17670,5
41415,9
28206,7
15643,4
21575,9
18109,3
34695,8
2182,5
26617,1
31487,6
30926,8
25796,8
1802,6
30943,1
7823,6
11174,5
966,4
457,0
11072,5
21561,5
6341,2
16360,3
5912,6
19072,9
33573,0
23665,5
28736,5
47403,4
40388,2
48903,7
8990,2
35500,3
47947,8
41327,6
3175,9
27449,8
30956,7
17815,1
34622,9
26876,3
16028,2
9889,1
35363,2
35011,1
35831,6
44569,8
16680,3
39419,8
46279,1
10350,4
20348,5
30113,3
37256,6
40275,0
34780,0
6481,7
44084,3
34598,1
12568,9
20695,2
43063,5
11173,9
29901,1
9965,1
47055,7
21696,9
37406,8
13838,6
11737,5
10731,3
3754,6
1990,2
11160,5
44947,9
13436,0
20511,4
11755,9
12064,1
27230,7
8065,2
48025,2
16586,3
7076,7
35907,4
27750,2
1637,6
17960,6
15215,9
24691,3
36672,1
16019,1
8549,0
48157,3
35224,8
18828,7
30487,0
37354,1
8729,1
9912,3
20568,0
30711,5
47300,4
4248,7
16904,3
8903,8
10407,5
12425,3
23110,8
5303,5
13720,8
25655,5
18298,0
42005,5
39290,4
16949,5
43998,0
47526,3
48924,0
15388,3
39398,3
9789,7
5330,9
21858,5
28984,3
5209,3
25895,7
32483,0
1426,3
11121,5
39503,7
17024,3
36627,0
27413,3
25737,8
48731,4
49053,2
41046,5
12439,7
6220,5
29980,0
11988,5
18103,6
22016,9
26360,4
34440,7
47877,8
6535,4
11063,8
13114,2
14659,1
25969,0
3075,9
9848,4
17658,3
49307,6
48232,2
22840,5
17529,3
41444,6
21334,9
41375,8
32373,4
29721,9
3067,8
43604,9
11686,1
45182,0
1104,3
48992,5
39096,2
31251,1
44117,1
16650,8
36100,0
41644,2
8570,1
5147,3
42326,9
7387,8
1333,4
43352,3
18992,6
5588,6
20749,8
37404,6
30121,7
44335,2
8478,0
9697,0
20781,1
9534,1
47213,1
1259,6
34931,5
17463,7
19747,7
34654,2
28796,4
35688,1
46225,9
39389,2
20794,5
3589,6
25837,9
45648,8
14902,9
42232,6
37988,8
8992,9
48944,2
40359,0
35309,2
33495,7
48751,9
48086,1
3451,5
4515,3
19661,9
46110,3
15547,7
4791,3
41793,5
47542,1
33162,0
29533,7
3373,3
1389,1
1989,6
36580,7
2064,5
6059,7
24963,1
25056,5
5889,2
535,5
3467,1
11602,6
10792,6
38773,6
39730,5
1925,4
38035,9
8222,8
44785,0
9343,3
49663,1
28321,5
46845,4
22909,6
40178,1
27853,4
20165,9
25745,3
12575,1
23346,2
17093,0
1197,7
33419,0
42129,3
12635,6
7229,5
14612,4
27722,3
6316,8
12322,5
3821,4
12891,8
6863,4
14078,2
30640,8
27920,3
31925,1
32269,7
38836,9
14110,1
21413,0
7273,7
35600,6
2645,9
34691,8
2637,9
22612,7
32133,9
43945,0
36111,6
40672,7
41405,2
5256,4
8092,2
12157,7
33153,0
33788,3
36378,5
26722,0
48755,8
25719,0
1897,3
42765,2
33637,9
12471,2
6963,2
19120,9
9425,9
1303,4
23173,5
47388,5
35875,3
28995,5
35911,8
35226,2
42505,5
36412,7
23766,8
48578,7
25185,3
22070,1
4138,2
3545,9
44379,6
5167,6
18692,9
41790,2
26151,6
15684,4
10500,4
18931,4
42244,9
35288,9
20418,3
14185,5
6141,1
38661,4
17940,6
37053,4
44154,5
24931,0
5375,6
47435,9
17851,2
45087,7
25521,8
19449,3
34206,1
41636,0
33704,6
1431,8
41163,8
20231,9
45526,6
45336,7
41695,1
16716,8
27601,1
46421,1
16283,6
40299,4
4463,5
18105,0
42253,9
19575,1
35397,4
20734,6
15494,0
47781,5
40018,0
14327,2
6076,7
3454,2
13463,3
31737,1
2526,9
8684,5
425,2
319,9
19704,4
47107,5
10633,4
32522,0
29091,9
16870,7
6411,1
9577,2
34371,8
2903,3
42251,7
47772,1
18983,5
5338,6
30904,0
43881,5
40037,9
25772,3
34132,5
22364,3
42639,2
248,6
25385,0
16193,8
31843,4
10106,7
37057,3
40806,0
22602,2
6771,5
25725,8
49485,7
7338,1
39883,0
34833,5
11936,2
19341,1
165,0
8084,6
28300,0
11855,3
29994,6
36708,8
47303,9
17962,8
27214,4
2634,5
463,2
40573,1
6887,9
3245,2
20238,6
11815,2
25461,9
16619,3
4756,4
32272,5
11476,3
31641,5
23552,2
37478,9
14523,9
4604,2
38690,6
49717,0
11475,0
48307,7
7845,7
12245,9
29496,4
13093,3
22130,7
14233,7
17781,1
27742,3
8699,6
47135,6
18353,6
26603,8
10999,3
36466,4
11505,8
35496,8
36407,7
42789,3
27476,2
44197,3
1713,5
41229,3
18443,7
1098,3
45713,2
10923,8
9952,2
36999,7
48204,7
11544,3
37693,0
33040,7
45349,0
47676,0
2391,0
26498,1
44905,2
23475,3
21826,3
39974,1
23563,6
42615,2
44777,1
19287,2
45094,8
48500,8
40340,7
32266,9
41904,9
29625,2
33280,3
42418,4
37060,8
8346,1
39844,9
22842,3
10525,4
39270,7
1430,2
48399,4
35007,3
10367,4
27714,3
44080,1
564,0
10248,1
37859,7
33349,7
32348,1
41551,2
20756,8
693,4
49952,6
9044,7
4934,3
23761,3
47742,2
17591,5
13209,6
42183,0
48540,3
10438,2
4698,5
20722,0
17522,2
2257,4
29445,4
25212,0
23848,0
23975,9
39858,6
7660,0
32728,8
32609,8
41822,4
12266,8
39214,5
45657,7
35794,3
12764,0
36874,8
8179,3
17918,9
8779,1
19627,4
20909,8
40488,2
14804,8
4276,6
20931,1
26168,1
43705,8
37038,3
27521,2
28887,0
39307,7
44669,9
17384,1
27302,4
29512,1
48,2
38369,5
30497,0
21421,5
5464,9
8268,0
40954,3
1795,4
14354,8
2867,2
37815,5
30254,2
34805,6
5114,7
23076,4
9042,1
19151,3
12642,3
29849,4
25356,5
24147,3
42699,8
29972,9
15277,2
6727,9
4988,8
11665,8
38766,2
44527,8
17269,1
37710,8
22267,7
28890,2
47535,1
6438,9
42413,1
17110,7
7485,3
22618,2
27676,2
4231,4
584,8
36683,9
38066,3
46353,7
25009,9
34432,6
3887,9
13605,7
27775,7
14260,8
37658,7
31538,9
31281,4
48435,9
8466,6
3878,9
14227,5
2435,0
6781,5
40661,2
46228,7
18488,9
36328,7
28581,9
28371,9
29566,5
23987,6
14037,8
32431,5
12744,7
43828,0
35127,9
45512,4
25869,8
41298,8
1330,5
38202,5
2695,4
25561,3
35772,3
35359,3
47421,0
46772,6
24099,3
41719,3
2648,3
7984,4
23653,2
37720,5
12638,2
39442,8
1959,6
30880,3
49863,0
34819,4
28870,5
9687,0
49615,0
21605,0
36410,2
16860,8
47169,7
16861,8
30448,8
43385,3
2212,8
34019,0
6464,1
366,7
43965,0
35548,0
47006,6
11599,9
15256,4
33631,5
42612,7
13734,6
9326,8
48539,1
36593,1
15461,1
36557,9
16349,2
12443,8
38734,8
8148,2
31742,9
9097,9
39699,9
31060,4
33987,2
25137,1
7278,6
33325,0
12694,2
4965,8
2823,7
32481,5
46052,6
44887,0
392,0
36501,0
22193,3
3756,3
41867,8
1338,0
45463,9
22344,7
38917,6
30587,3
28853,7
41870,6
18832,1
49669,4
16903,0
25842,1
45498,9
45818,2
28420,1
29186,9
29117,1
32647,1
16482,9
20803,6
15604,7
3328,3
2548,9
9112,6
43642,9
45323,4
47886,8
32048,5
45433,3
44367,1
8763,6
29065,4
35104,2
41221,5
4657,3
5627,1
16561,3
9145,3
43651,5
32969,4
42956,6
48103,6
48811,7
4880,2
18818,4
42592,6
5173,4
42688,0
38160,5
15579,7
18300,4
16983,3
14924,3
40208,7
44888,8
31875,5
43649,0
47461,9
23996,3
2890,9
19859,0
23564,1
10393,1
31460,3
15719,6
28942,3
22097,7
7880,4
27949,9
14694,6
25625,1
29902,2
14057,7
18378,8
44480,2
30125,4
37040,9
40482,0
8933,9
14661,9
39413,4
13410,6
49149,0
14676,1
37741,4
32386,5
22597,8
10583,7
21849,2
42611,8
33532,1
9183,3
41501,5
11837,7
27044,4
6674,3
46994,4
47226,1
31006,4
24640,9
42122,3
40441,4
22918,9
9391,5
21678,5
36110,6
36047,4
1366,4
8859,7
19852,4
44977,4
7765,3
43037,0
9206,8
6062,0
41281,8
6004,8
1434,0
38914,8
43284,6
41271,3
43675,8
26089,6
21493,7
15013,7
30354,4
15232,6
33288,4
44310,8
29042,2
36042,9
23632,2
5062,3
11030,2
27696,2
29796,5
28613,4
3856,2
473,6
43072,3
25624,0
13636,4
25509,3
46702,2
17367,9
10406,2
5252,2
15857,9
35984,9
45854,3
18810,1
44796,7
9633,4
30348,7
8812,1
48010,5
25132,7
33274,6
25559,3
33418,8
24708,7
43052,3
3360,4
39837,9
2544,4
15091,2
16979,5
27770,5
48130,0
14141,8
34827,2
47474,6
18283,3
49013,4
31311,1
14870,8
19396,7
43927,4
7256,0
39811,1
21389,4
2220,8
40171,4
25473,6
34696,6
43147,4
20088,1
12184,5
24384,3
48559,9
35278,6
28043,2
8203,7
47030,1
34897,8
299,4
38003,0
5282,1
44486,6
47326,0
2279,3
18686,7
8160,0
15458,6
8911,4
4285,7
7057,5
9210,1
2188,5
17412,4
13784,1
25433,9
43733,3
49232,1
46670,8
29602,9
91,3
20572,2
24113,0
4508,9
20654,4
7281,8
8064,7
25257,3
48276,9
16741,5
19619,1
25148,2
39836,2
36625,6
7224,3
14424,9
21745,9
19622,8
45010,0
2042,3
35715,3
44441,5
20907,1
49377,7
40533,7
1182,4
15558,1
2158,9
22053,4
43176,9
25370,7
12829,5
36721,1
12355,0
13157,8
13771,9
15222,7
6402,3
20291,7
1737,3
33744,4
37379,7
35822,5
16617,9
24552,6
11024,5
26583,8
39372,0
10271,1
2594,3
21504,2
44780,4
14637,8
7831,7
40104,0
8887,7
34698,2
32314,6
16914,7
28982,5
27039,7
11325,0
32352,5
20565,7
45995,7
4257,2
12186,9
35970,4
39154,8
9660,2
10701,4
37980,7
18638,3
37078,0
3087,3
41755,7
5434,4
6132,0
21022,3
5995,7
21655,3
3587,4
2516,5
47516,7
8599,3
23460,4
11655,3
4359,4
36630,4
33179,0
32646,7
49128,0
34534,5
10897,5
38715,8
49853,6
23684,0
24122,7
12538,1
35933,1
5595,9
32829,2
6448,2
38301,8
15177,5
48416,0
2006,0
32915,8
36055,0
32767,8
32117,4
4008,2
20043,5
48407,4
33668,9
17315,5
13694,8
29745,7
3565,3
43494,4
32629,0
8883,8
5989,7
29714,2
16831,0
2221,8
2241,6
1432,0
10917,8
35769,3
26606,7
22937,5
11943,2
21199,1
7350,1
43863,9
2100,6
41727,8
14873,6
8972,8
2497,9
45517,4
39479,5
48802,6
29891,4
19715,6
2096,8
5570,4
13573,6
42063,7
19043,4
29104,0
38036,0
27126,6
9796,8
993,5
31075,4
41301,4
15377,4
16606,6
37462,5
26827,5
797,7
31182,8
14571,9
22459,2
27694,9
5110,3
41620,7
16405,3
20219,8
44134,1
44331,8
11759,4
27094,5
2079,2
4171,1
21689,5
4370,2
36046,1
41177,6
1172,5
1237,6
39134,6
34663,2
24127,8
45595,4
8336,3
3944,2
1665,8
31755,4
12264,1
4609,1
25905,0
4637,6
44795,6
45269,5
36778,2
28277,6
47332,0
20409,4
6308,0
49614,3
23984,0
23213,1
10817,8
18976,6
10107,1
16643,5
3982,2
49825,3
41129,7
42290,7
29275,1
23686,6
48747,6
29219,0
10273,6
41009,6
15806,7
37335,8
35711,2
3186,7
8731,5
25803,4
46200,0
15134,2
23656,2
48036,1
31443,8
38458,8
41574,0
9084,6
11216,0
30973,9
49455,5
48566,5
37481,6
4241,7
8792,4
15354,5
24295,5
21724,3
19262,4
41652,6
18096,5
23189,3
178,7
29823,7
41783,7
12207,8
28226,4
20398,0
23755,4
5607,4
39865,3
10139,8
7080,9
43467,5
15430,2
45457,0
14991,8
36130,2
22767,6
5123,2
36415,0
49017,5
41033,4
36543,3
28307,2
36131,8
16165,2
36249,3
38317,3
48860,4
9936,9
12939,6
10000,1
33414,0
25984,2
47814,8
36244,3
653,5
31666,4
28278,4
30467,0
21361,8
47844,7
28586,8
48251,2
30653,3
3368,2
3906,0
34973,9
48327,0
36883,2
23925,7
23789,1
13415,2
42797,0
785,3
47228,4
44986,7
10238,6
49082,6
49080,1
12925,7
31951,1
19765,1
25642,3
13064,3
24673,6
48836,8
33022,8
36952,5
28634,1
8258,0
21853,4
21056,1
4528,1
28190,3
30053,7
15472,7
4152,6
3048,6
16605,4
8068,4
46382,4
5961,5
18244,9
31277,4
32023,8
48497,6
36984,6
31274,1
41422,2
22966,2
22520,7
19684,4
26581,5
37186,7
27362,6
28439,5
8888,2
662,7
22119,5
18236,8
43978,3
33086,6
47831,9
40330,7
30382,7
43383,8
42849,4
18970,3
19267,2
45292,7
18464,2
47642,1
16027,8
5154,0
43759,5
11336,1
32680,4
40790,9
7596,2
45119,2
43434,6
1241,9
38544,8
44205,8
15730,4
32682,3
29754,0
16241,4
30418,1
37242,9
41986,1
43773,3
4364,9
11022,0
433,7
40017,2
16149,7
25226,7
35539,8
22022,8
40821,7
47204,3
27134,6
5139,7
16752,0
48172,4
36118,9
15460,1
44807,8
30130,6
23239,3
14918,2
25028,3
32095,4
2999,4
33680,2
30195,7
22593,3
17160,7
7536,4
22703,7
24717,6
34612,6
20121,3
46756,0
39650,0
593,1
17490,0
15671,8
1100,3
49776,6
35526,4
35156,4
22903,2
4529,5
3673,2
8909,7
31368,7
47262,9
40532,3
36581,2
6895,1
2044,2
12971,3
6048,5
2923,8
297,5
18380,6
4627,5
8247,4
10908,6
35825,8
4646,8
22306,1
45934,7
49348,1
2509,5
33670,0
11083,5
27789,4
26918,0
3531,9
46608,5
2264,0
1529,6
16954,0
10878,5
45143,0
9147,4
28721,7
39452,6
46613,0
40117,9
40987,1
41360,5
21041,4
16486,4
47394,3
195,5
6176,8
40176,2
9723,8
21427,8
7297,1
43395,5
13522,0
8786,3
33301,3
23481,0
25454,7
39831,9
33855,7
31163,4
16233,1
21470,9
21950,4
13584,3
37929,1
38415,7
18704,0
47977,5
15441,4
25757,2
25192,2
30306,4
31607,1
46133,4
34110,9
23212,7
49887,8
39128,2
36733,8
34234,0
45268,1
7177,1
13264,1
3177,3
31288,1
46101,8
48672,9
35166,5
15039,6
22145,1
41409,9
17521,7
37393,8
12517,3
46290,3
38965,7
4137,4
39407,2
36850,1
36698,0
39299,8
38190,0
14061,1
38565,2
40146,4
23396,1
16852,5
44031,0
22397,2
26113,9
609,8
18418,4
37910,3
37246,0
26440,8
9444,5
17778,5
18957,9
48326,3
22083,5
23793,8
200,6
22033,9
39510,9
48114,5
45607,6
45726,8
48511,6
37960,4
2202,2
31212,7
41821,0
18693,8
32022,0
7842,0
10403,1
47397,2
34503,2
23593,6
45669,7
46152,8
7771,3
13731,8
32455,0
15628,0
44516,4
8115,7
20801,5
18863,2
3215,8
238,1
19756,5
26664,8
12546,3
25485,7
25840,5
45102,0
716,8
32692,4
36311,0
31781,5
32976,5
8696,1
49183,7
25951,8
9068,8
44272,1
991,1
17776,6
32995,7
5482,8
30507,4
30145,2
9453,7
14304,2
2572,9
41961,4
18926,1
24867,5
21344,7
28847,1
26019,2
34190,0
18943,9
12808,0
10769,9
784,5
1150,3
1224,5
922,3
31566,9
3864,3
9881,0
8070,8
18646,2
14837,7
6621,2
36811,7
5735,7
25527,3
1905,7
9773,7
31470,4
1540,0
48147,0
8165,2
7821,1
44847,5
17209,1
35754,3
14270,2
22388,1
44316,4
35783,1
14781,4
8986,3
6508,8
31874,2
24017,3
15854,3
14148,3
42855,9
43519,1
8019,2
42690,6
3680,8
40220,1
8009,6
24914,5
44890,8
9917,2
22354,6
4776,2
36579,8
43272,7
29977,0
45125,5
7447,8
1992,4
34844,7
17610,8
16511,0
11714,3
17117,2
2285,8
5638,2
38126,3
25408,5
32418,1
12745,9
42963,8
4923,8
38313,5
8470,9
22385,4
702,3
20471,0
44782,8
49854,6
14962,3
8335,6
1647,5
48230,6
1558,8
39430,4
46391,7
1363,3
19188,0
44016,7
42347,1
46888,8
49932,1
34374,5
32119,4
15252,9
21627,1
33787,6
15384,9
36349,2
471,5
6403,8
41433,1
44278,7
17762,0
8974,3
40591,4
30574,3
33912,5
1247,9
20741,7
1230,8
33546,3
10695,7
7707,1
49886,1
18622,4
45169,6
43520,1
49739,0
28431,8
39973,5
21956,6
44525,4
32253,4
32696,7
5462,4
45914,3
25417,6
30436,4
41482,4
41016,3
17622,7
5410,2
46349,3
42514,7
19140,3
39387,1
26217,7
31912,3
34712,8
18315,0
549,4
21555,9
42658,1
41004,6
6800,7
26625,9
2395,8
11865,9
13664,4
49659,7
8176,7
41694,3
48601,3
3381,9
20337,3
3184,0
36848,1
35053,5
21793,9
1622,9
33897,1
30661,1
49116,7
17539,1
35417,0
15253,4
40343,0
9184,7
34108,1
29016,7
4686,7
7452,2
48316,8
669,4
34810,1
48520,0
40080,9
14944,7
26213,2
21691,7
11108,7
43557,4
47344,4
11035,2
34828,0
33578,5
48704,5
31503,3
27400,7
677,4
43683,4
34424,5
24227,7
14490,4
28904,4
7907,0
15295,1
31749,1
13496,6
40070,8
19553,7
39000,6
29369,7
18819,2
19544,3
48669,1
36269,3
14207,8
16598,1
39818,1
24183,8
35046,7
18590,7
16691,2
22121,7
46464,8
16580,5
38865,6
42242,5
3792,3
17860,1
13864,0
41104,2
704,8
30153,4
2037,1
13342,9
5637,9
49001,9
3155,8
42775,2
8505,9
1090,1
21693,4
3134,3
43769,6
12183,1
919,5
34948,0
26771,6
35493,2
27209,3
13557,2
11666,2
14094,2
43968,3
35532,3
3283,4
2781,3
14761,2
45228,1
34058,6
15296,7
49811,7
46169,5
47973,3
1391,8
30845,7
39782,7
49204,4
46189,9
40826,3
48880,3
7455,8
33180,4
27736,9
10732,0
42575,4
41784,7
31202,8
6656,1
9538,1
27162,9
14208,8
49182,8
7029,8
8330,3
4974,8
26438,8
28244,1
31692,8
24143,6
47524,5
7000,5
40597,4
1822,8
6979,7
39576,4
47116,6
23514,1
19813,4
32952,9
40251,7
25674,4
27783,8
10262,4
36035,5
8934,0
22084,0
7433,8
4264,7
33941,1
44158,1
39255,7
10029,6
11478,2
31083,0
28000,0
14259,5
41910,3
37474,7
7875,1
7966,8
35640,5
48922,2
44608,2
29567,3
46124,6
12325,0
15936,9
20582,6
29274,0
25567,1
20001,5
31506,0
9839,6
35808,8
30517,0
13727,2
6909,8
16260,7
16628,3
4225,8
40549,6
20758,0
9685,4
11562,4
17339,2
46075,6
37062,0
23384,8
45121,4
13388,8
38957,6
42353,7
10689,0
20251,7
23944,2
32426,8
12846,4
31817,5
40265,9
45971,6
17947,0
3875,3
48870,2
23565,8
2954,8
7622,1
33333,5
45185,8
40959,6
29884,0
20916,0
19787,3
22264,0
28446,7
14754,0
25802,3
12584,2
17859,2
24878,8
8352,4
8534,2
7364,5
13145,4
48396,6
35604,5
39747,2
836,6
39920,5
19594,1
35645,2
26585,9
13765,5
11038,6
23276,4
21357,6
19770,6
3213,7
42915,4
35546,0
37505,1
23780,6
42507,1
27017,4
1807,6
45562,9
11165,5
33340,7
47490,3
26449,2
21167,2
29034,4
14920,3
21743,0
316,9
40494,9
27804,5
6228,2
17216,9
44589,1
36081,1
48799,1
14005,1
19569,4
42200,2
9309,1
4234,6
8606,3
40733,0
40868,5
2399,7
41227,7
21017,3
2836,6
18276,1
2351,9
16835,5
15395,4
39222,2
33954,8
24460,3
34815,8
27045,9
37166,2
2122,4
22146,0
40675,6
42416,6
43030,4
19904,0
36552,4
38198,0
26825,9
27761,3
39758,7
3831,0
14658,2
24927,2
16823,5
44018,6
43181,5
28948,2
47414,8
16275,1
37810,7
13972,4
18264,4
12302,6
10905,7
43558,9
10980,8
3178,3
49265,6
40257,9
28536,5
13272,7
23666,8
6877,4
43410,4
12316,3
4489,9
34233,1
2818,9
44364,8
34219,2
3049,0
44775,9
20382,5
15588,9
20294,4
24775,3
18188,3
23683,6
1911,5
22649,8
5540,2
13251,5
13068,0
25183,2
9562,4
2851,1
32602,0
19692,6
205,9
29864,0
14994,6
47059,5
19836,8
43827,3
31022,3
44506,5
38013,5
34783,0
22782,7
24212,0
1185,0
1999,0
12189,8
26041,9
18629,5
21202,8
38334,0
1196,3
996,5
22144,4
44229,5
19213,2
41054,9
10419,4
24948,7
24184,6
6850,7
38270,1
2398,5
42744,3
35160,8
31934,3
22904,0
27535,4
21377,8
3251,7
20662,8
20895,1
30032,7
40907,3
36948,3
39052,6
25401,4
3361,0
45264,0
9983,0
5840,5
9322,1
32822,4
5585,9
17399,5
9596,0
17929,7
15333,0
31324,9
34282,7
42791,6
39676,4
14462,9
1005,4
18785,9
17307,4
37318,8
17134,2
48886,6
3164,2
29540,0
41640,9
11350,7
2536,6
1831,0
20635,9
28033,0
30424,3
14232,3
42370,3
32978,5
11358,6
41568,1
30833,6
45306,2
35391,0
25956,2
6474,8
30415,0
6991,9
28756,5
30240,0
46173,1
6495,1
33775,7
25940,6
7623,4
38287,2
37155,9
42593,7
23904,9
47134,5
9408,2
41993,3
31778,8
45539,9
8967,2
49907,7
48315,3
29858,5
6687,0
1266,0
49201,8
38754,8
40406,7
15242,5
40103,7
27760,0
49699,4
30511,2
7479,9
19443,7
28424,8
14277,8
8429,8
39144,7
34774,9
699,1
39869,5
45634,3
34611,2
17050,7
33456,8
31390,8
34345,3
37146,0
8535,0
3547,5
21103,3
8611,6
30052,0
12708,9
8923,5
48590,9
41319,7
28896,1
7115,5
48005,3
43338,5
3019,2
7652,9
44886,1
4144,6
25572,7
47757,5
40691,8
16703,3
6623,1
19304,7
44897,3
2928,1
4554,7
5304,8
17035,6
34431,4
48620,7
20502,8
49357,2
48194,2
13757,2
12483,9
38777,9
44020,3
27811,9
20432,6
31188,8
18512,4
21415,3
30665,2
41484,0
38312,0
40442,0
41647,8
294,7
46737,8
7379,1
29551,9
35612,9
28542,6
6224,6
34940,1
49955,8
8767,2
26744,0
46601,7
35547,5
3961,2
17579,9
8784,4
10932,7
35144,3
40034,1
7691,9
40981,4
38280,9
3061,9
25429,4
18407,6
29570,2
17318,8
23603,4
22944,4
8521,7
15504,8
13721,5
1575,4
11198,2
10967,3
38004,5
49972,2
11318,6
33957,5
21094,1
3409,9
22550,6
12481,8
37830,1
46747,7
47896,9
8709,6
13358,9
28852,5
23775,2
17231,6
39874,6
9230,0
36016,5
37126,9
28859,6
34101,0
45418,9
34018,0
38613,0
44507,3
16745,1
48009,0
20243,4
13570,0
13564,2
37334,0
24898,7
2018,8
25002,8
13799,7
47492,2
41398,1
29775,5
18852,5
49326,1
37795,5
13139,8
42818,5
12645,4
27813,0
27905,1
47457,1
36409,7
15663,4
8630,4
8464,5
34667,9
34584,7
7770,0
8706,2
43406,9
14646,2
8308,9
31258,8
25119,8
2165,3
31987,0
22976,8
14397,4
16574,6
40154,5
24774,1
12561,6
46844,9
3337,0
14029,2
38368,0
38584,4
13286,2
952,7
10944,2
27763,7
28717,3
44349,5
7922,7
48866,6
34056,6
27269,5
44240,9
43664,0
10548,0
32555,3
15112,4
28826,0
28231,0
36015,1
46475,2
30273,8
27675,9
21152,1
4454,9
47556,7
25621,1
38678,7
39035,8
19721,4
40447,7
15602,5
25293,6
26196,7
4568,6
2339,1
46068,8
39726,7
5364,4
13901,2
19068,3
36215,1
10254,3
46787,8
581,4
46638,5
18202,5
33764,0
35626,0
12399,2
43164,1
33152,2
38702,3
43355,7
36614,1
9149,4
5602,9
26788,7
26148,2
44863,4
40390,7
11554,0
39304,7
17189,5
45005,2
42978,1
4503,4
42929,0
28895,7
30209,1
45638,6
41349,3
27231,0
21310,0
12665,4
11324,3
15743,8
36314,0
26247,6
19302,9
37207,8
8881,2
35369,0
29971,6
13929,8
32211,7
1341,7
31330,5
7912,1
17169,1
40405,5
42499,8
37236,3
7675,6
17257,0
559,2
27190,9
14805,1
25101,2
42310,4
3482,8
27498,2
21478,9
17544,9
47875,9
12755,1
34807,7
28433,3
12962,5
27857,8
40139,8
19609,1
5446,8
1896,7
20918,3
750,5
25798,4
27018,9
39586,9
33242,0
42671,6
49862,6
10549,5
10214,7
1656,5
39569,5
28046,9
2288,6
20378,3
36382,2
44110,3
30744,0
13695,8
5950,4
11139,9
17506,2
37764,6
29004,3
45237,5
46076,4
3499,5
16274,2
27047,0
43422,2
14973,6
33292,1
24097,2
27341,9
19581,1
1336,8
36671,4
21496,9
26679,5
17910,7
9228,3
48644,1
8057,8
3118,2
37031,9
46121,3
24148,3
13940,1
45609,4
18392,9
39367,8
36333,1
48096,0
8612,6
38753,0
33253,4
40541,7
31204,3
4009,5
14568,3
49180,8
48544,9
6720,4
11053,7
14238,1
4383,8
48024,0
25640,3
13602,3
17462,7
35810,1
7463,7
24731,9
31427,6
44940,0
27286,0
22728,2
2878,2
21638,8
26474,1
1335,0
23909,7
42631,4
46973,5
5572,1
35883,0
21972,8
12137,2
36273,3
35044,5
14217,9
4154,2
46572,7
25531,0
22911,5
34502,9
27693,9
39549,1
39649,5
43580,7
9117,8
30873,9
17517,0
48376,3
49478,3
9177,9
42009,6
28456,0
8462,4
45790,7
2528,4
20940,5
38875,7
23360,5
24500,2
2245,4
48420,7
2423,0
18457,2
14820,3
22335,1
26694,8
35964,5
7527,0
10619,3
29606,0
28712,3
48034,9
46321,4
23341,9
41658,3
34555,2
34796,9
9038,2
40739,4
27465,1
45249,3
44027,0
7600,1
33345,3
10853,9
31086,0
16562,6
37804,3
43685,3
49295,9
4886,7
46223,8
3281,2
26105,8
2577,8
21854,9
46493,3
38409,6
13211,9
2460,0
7628,9
40802,0
27491,4
17404,9
44592,0
3363,9
12028,0
22962,0
38199,5
33417,9
25202,5
2332,9
38250,6
9892,3
19832,7
23490,7
9283,3
49244,9
42969,4
42031,1
13967,8
42990,2
36022,5
38839,5
49744,8
44189,5
49738,7
7873,5
32068,7
37171,4
25918,5
14470,1
24106,3
8461,7
11055,3
8863,3
22914,3
15868,1
28183,1
3715,7
37018,4
29341,0
20037,5
8646,7
15717,2
1386,7
11482,1
15477,2
16412,1
1985,1
5069,0
31563,8
34446,7
11677,9
11883,9
32716,8
31448,6
31146,3
16817,3
34069,1
24525,4
44988,5
8226,9
14771,7
31149,5
44982,7
10331,9
19290,9
42955,7
20559,9
40385,2
42181,2
10823,7
37314,9
27758,0
38893,6
15545,3
10726,5
32987,8
28292,1
25018,2
44672,8
16409,6
49045,1
41741,0
30632,2
19041,0
32118,5
24602,1
3239,9
44924,0
5947,1
41843,7
9905,0
26469,6
22136,7
214,9
22079,5
45354,8
18691,8
3252,4
9201,7
24105,5
49999,1
18706,0
37134,6
30506,5
31279,6
40091,5
34634,5
9188,8
2348,3
35081,1
25826,5
49696,8
1077,2
18061,5
12659,0
30364,9
2265,8
26954,5
3418,4
7869,3
34716,6
28411,5
23241,2
31671,7
33173,6
6199,3
47626,4
17760,1
3846,9
21850,1
19165,1
13146,7
37622,5
21486,2
18191,2
41458,2
787,2
49631,8
3724,6
49851,8
30057,6
2949,0
22077,9
7194,2
25464,7
22115,7
8618,8
49033,5
49871,1
12329,3
36115,9
40538,5
30476,3
12918,8
25825,3
25091,9
2762,1
4815,8
15226,3
15471,3
28249,7
40788,3
6705,9
10588,2
37432,0
26692,7
14747,4
37732,5
28909,5
45108,5
13192,7
33289,5
43891,1
27427,0
34155,3
8249,0
9545,8
34932,6
38593,4
3980,8
36799,8
49651,0
24969,5
3752,5
14516,4
152,7
13621,2
40875,9
27031,4
44175,0
25391,0
39744,2
21394,7
27659,4
2052,1
48636,1
1613,6
40816,7
11955,1
34683,8
19119,7
45407,7
30783,1
41232,5
47695,2
41754,7
28339,5
43551,3
2111,6
17091,1
23591,4
12034,6
43099,2
204,6
13693,8
47706,1
19196,0
29691,6
5881,9
43038,5
24904,2
27137,0
41960,0
576,1
9938,1
49755,2
13932,6
45296,1
24368,7
32428,7
27557,2
28937,1
28946,5
13536,4
42199,0
17520,0
31512,1
11130,1
37655,7
22650,5
8305,1
28812,7
3292,0
12993,0
41834,2
35446,0
20787,9
6446,1
20752,1
13946,4
31095,9
26689,3
25156,7
21291,9
46604,3
7470,0
39391,1
179,0
40873,0
35101,3
41071,2
21935,6
38487,1
7844,2
28510,5
1385,4
29584,8
3447,3
18038,5
44915,6
23448,5
23220,1
23049,8
11730,2
16631,9
41581,3
24837,0
16818,9
34418,4
6765,1
26164,0
9157,0
9704,9
37026,2
37934,2
27839,8
36433,7
13796,6
12622,1
48029,7
30815,4
23075,9
3188,3
22069,7
26556,3
4053,4
42437,1
30501,4
43274,1
47791,8
36517,4
46934,0
29165,3
9620,1
35499,6
45783,3
6342,8
8290,9
31378,9
11308,1
24323,5
24822,5
35051,1
30486,1
48173,1
33580,2
12669,2
39765,2
44712,6
49593,1
34400,1
10085,3
2566,6
39350,8
18274,8
45352,7
22222,7
28368,3
34203,2
2584,1
18962,5
23741,5
24674,4
15155,4
46778,4
34368,6
39601,0
35649,1
6026,2
22006,2
35267,2
10113,6
23149,8
26200,0
7717,7
19170,4
14289,3
23415,7
9099,5
35581,3
283,2
4836,3
23760,6
33888,8
40606,8
24171,4
26670,7
46552,8
49661,5
37690,0
15237,8
17765,9
20253,4
49110,6
41692,5
27852,4
42634,7
49208,9
34310,8
32494,4
46054,0
36994,2
21273,9
42772,5
1690,6
34102,2
47133,2
37036,8
35878,1
22195,4
17113,7
27547,4
36751,1
1474,5
10288,8
16211,1
30152,0
37332,6
16958,1
39751,3
41026,1
2586,8
46559,9
13028,0
21651,1
32463,8
37546,3
33381,6
34769,2
47827,8
6553,0
47229,5
16135,4
43297,1
22020,2
30252,8
40049,2
24928,6
38936,6
14486,0
20057,1
16546,6
10337,8
29408,6
48689,4
42160,4
20855,9
8540,1
622,4
28386,5
45434,1
32050,4
13063,9
36175,0
19648,8
31056,9
34820,6
39095,3
22605,9
25465,5
14866,8
14066,7
8225,1
49075,1
9896,2
38884,7
48921,9
31602,3
13309,4
19974,0
29440,9
33601,3
3511,2
35486,2
9710,3
44338,7
27520,5
45053,3
28407,4
10590,9
5075,4
28966,0
4412,8
27240,6
34864,7
16882,1
41672,6
27531,4
48383,5
12843,4
48852,0
14248,2
8538,6
5239,7
32416,3
35068,1
8277,7
7440,8
39661,2
11742,7
6637,3
35592,9
46947,4
21905,8
1978,6
44491,2
37037,7
321,7
41357,9
49888,2
16232,2
41190,5
46244,2
24608,8
10763,8
45305,6
47248,2
37809,3
22000,8
47120,4
32173,0
19597,9
32057,2
4802,5
23280,1
35720,9
22456,3
8601,5
44836,9
23830,0
37143,2
26043,3
33429,5
47479,6
31211,4
9953,6
562,8
15157,7
44235,1
34786,6
49369,9
11348,2
45489,2
34260,7
43838,0
19759,7
33528,6
34574,4
48425,4
44763,8
23107,1
7987,3
48107,8
19816,7
31473,1
5758,2
6684,3
1195,0
44845,7
2936,2
31063,2
3370,5
35464,3
8279,4
3781,1
38741,2
3950,8
24225,6
5467,5
29680,6
21937,6
17057,2
29373,5
6131,5
33089,9
2381,8
36447,2
20886,7
44682,9
40588,4
44565,4
30150,7
41817,5
6140,5
33394,5
22496,8
7519,3
45289,1
23751,9
31412,0
39231,7
45015,2
17126,1
30614,4
16707,9
14636,7
14439,2
32303,4
43168,7
10432,5
47450,2
46502,4
49277,7
15250,8
27720,5
14517,7
3697,9
44696,6
23829,7
24959,5
12380,2
27574,7
49912,7
5724,2
20408,6
26859,3
21268,7
35058,1
28906,1
33617,0
38426,9
45963,5
42875,9
36729,7
33375,3
1145,1
17553,1
42405,5
43283,3
2387,2
12169,1
13408,2
39038,8
31698,3
44164,5
25914,6
40878,5
4845,9
34086,2
26766,9
11620,9
28762,8
33520,9
32903,0
18405,7
26025,6
30350,6
16230,0
40307,3
40020,2
46332,1
45711,3
25987,8
220,0
17955,2
34984,3
5597,7
35994,3
46860,7
837,6
43830,7
8852,8
37120,3
26275,6
43697,6
28834,2
48575,6
46135,1
31980,7
2861,0
23510,5
4060,0
45210,1
18806,8
42780,6
48662,9
40960,2
8895,7
33663,6
46726,7
41134,3
29209,1
22624,7
26119,2
1270,0
13642,9
46310,5
14602,2
7995,8
47537,9
34288,6
43166,6
24173,9
48530,2
20086,0
4311,0
30481,6
8434,3
10450,1
28380,0
6222,5
242,6
4333,7
37482,7
20919,6
38583,6
46297,0
18186,3
13879,2
34075,6
37504,0
45815,8
8477,2
8705,4
19523,9
4720,3
18021,6
42604,3
33024,9
14786,4
12036,7
30151,4
19080,3
36283,9
40862,4
23526,3
33246,5
31882,2
22172,8
16681,9
17274,1
21912,4
41309,6
42534,8
14186,4
44036,9
38024,9
40792,3
36119,0
26442,2
40403,2
35771,2
21090,2
10639,8
22527,7
37965,3
32148,7
14819,2
18393,3
32938,3
12929,1
16644,2
47968,1
23227,5
24284,1
13614,8
38232,7
29844,0
7068,2
10904,4
44406,7
30527,4
36423,2
13533,3
35884,1
11619,1
22214,8
23061,0
3912,6
17154,0
10690,0
4081,0
5201,5
14257,6
9860,0
26611,6
49722,5
14953,9
47840,3
37614,4
6921,2
20924,0
32401,0
44925,0
38153,9
5333,2
31158,1
1946,1
3489,9
20526,2
42928,2
19323,9
1519,5
1988,0
44082,0
49052,5
38437,5
18022,7
26121,9
22623,9
48479,3
12002,9
21867,2
35299,3
25341,2
8797,0
10994,7
16591,9
33812,6
25254,3
32220,0
45261,9
4056,2
3032,9
13514,7
25871,4
36367,2
12881,1
15525,4
36286,0
243,6
36021,1
132,6
10207,4
35601,4
29807,1
34970,9
40537,1
11209,4
7896,4
28332,8
11234,3
36808,6
17949,2
7855,4
11510,4
9019,4
44955,5
42365,3
44751,1
18369,9
25568,7
18586,2
1396,4
5251,8
39211,3
39626,4
49483,1
30283,5
36196,5
36239,7
34865,3
12821,3
39740,4
42700,4
40711,9
12240,6
49936,8
48266,0
41714,8
43241,4
29504,9
45799,6
29969,5
38511,4
40000,1
30886,3
38381,8
42675,4
11778,7
2729,6
48926,0
30620,9
25781,4
31748,6
6477,2
8511,5
47295,4
42300,8
579,9
38413,8
45709,2
49940,3
5495,4
26597,9
49373,0
43602,1
36523,4
655,6
8297,0
27794,1
23004,0
29830,4
35620,6
17500,4
13107,2
37912,3
22178,0
37992,6
44169,7
8046,4
49158,9
9216,1
6511,3
18717,2
1667,4
31780,6
6123,8
15978,9
34465,3
3460,4
7425,5
8242,0
25079,7
329,7
2466,1
39892,1
22484,3
11017,2
46999,9
47367,9
4020,3
5076,1
40231,2
27242,7
22423,5
17162,8
7508,8
45006,2
18358,0
22381,7
246,8
6582,6
21352,5
32765,8
728,6
17829,0
3818,3
46701,0
6328,0
34771,3
33887,9
12047,1
9792,3
35099,6
40125,0
18910,6
33537,8
44204,1
39343,6
37391,5
37202,7
13090,0
16084,8
8580,7
12654,9
7280,5
20593,3
38454,4
14038,4
11942,8
16062,6
28545,2
1878,0
23530,2
19790,4
21927,7
172,7
16068,4
15437,1
49986,7
30025,2
44736,2
40545,2
27850,0
29137,7
16665,7
10071,9
45901,3
47384,4
14933,4
43890,5
35740,2
26333,6
29345,2
1408,1
45242,0
47966,0
10456,8
26951,8
44978,4
18052,4
16444,5
19326,7
4865,9
42495,9
5479,3
23485,0
29077,5
16775,8
3444,1
26350,1
8028,3
1864,3
24553,5
48517,3
43992,0
46304,1
16388,8
47584,2
26622,9
15751,2
32772,6
2730,5
16731,3
42081,1
12523,1
19073,9
10480,2
27934,0
9066,1
26843,1
47555,5
19434,5
42816,7
26786,2
32515,6
5261,1
23366,6
4547,5
15544,5
32744,0
37949,0
47845,1
13503,9
9494,1
13758,5
48454,5
22734,2
8829,4
7038,2
42657,3
9525,0
33570,8
5646,5
47539,3
39794,2
5136,5
31631,5
15401,9
12219,2
14331,5
3497,8
48692,2
13077,6
28209,3
20194,3
24469,7
17181,7
989,0
39950,3
28880,3
36185,2
24178,8
49384,3
9488,8
10556,5
37886,4
26977,8
8568,9
16471,1
8922,8
6143,8
49658,1
992,3
11597,9
16415,2
47289,5
44708,6
36913,6
39537,6
7109,8
42258,3
11995,5
39678,6
15922,2
24222,4
35619,8
40058,3
9646,1
35781,6
11576,8
41861,1
32169,4
45938,4
25800,9
38687,9
33424,5
5829,4
23571,7
10586,5
41259,1
28739,4
43556,7
30237,2
46041,0
11334,7
11134,1
33988,6
36747,8
40551,6
33545,1
29666,0
45211,3
27393,2
14442,8
46281,1
6751,1
42746,2
31219,8
29353,4
23146,5
40604,7
23443,3
14378,1
7923,7
35921,6
7274,4
27208,3
9205,5
41001,7
11436,2
32492,1
17559,2
6729,3
2269,2
8375,4
38311,2
48723,6
16804,2
1916,3
19303,6
30255,7
33467,5
5830,5
39896,8
48529,4
32104,9
8194,6
35329,7
16475,6
16826,7
40515,2
22531,8
2027,0
45561,7
15995,2
41781,7
8142,7
29343,0
17832,2
7996,8
11993,8
13430,7
22875,0
24471,8
41109,8
8660,0
45919,0
5713,3
40296,1
47355,0
34454,0
14566,4
9489,3
12598,3
6507,3
20430,9
11420,2
348,0
16583,3
9373,0
25658,5
10762,9
2564,3
3336,0
41771,9
47861,4
35805,1
16714,3
44443,0
32621,3
11340,2
3513,9
234,6
8494,5
14033,5
49682,5
9897,3
16320,1
38566,0
24265,4
37783,0
8239,5
746,7
37269,1
35757,1
29405,4
47146,3
14569,2
9409,7
28157,3
18513,9
46834,7
1638,9
3639,2
18865,3
29494,1
40539,7
28152,7
973,7
19156,5
26478,6
11981,6
27142,3
22396,1
22187,9
11648,7
1683,8
11049,8
7077,1
48176,6
31057,2
44357,8
3427,7
46370,7
26514,8
5878,6
25670,5
37285,9
44854,1
26301,4
43910,9
37343,2
3995,5
37109,3
17165,5
9018,4
36656,6
12540,0
42269,2
17839,4
8643,7
11713,2
326,6
20944,9
10394,0
13571,1
45651,8
33402,6
28969,7
6903,9
8892,8
15797,1
9194,2
33804,7
25747,6
11223,1
10747,1
37913,1
49389,8
49578,7
28435,8
22116,7
42194,5
16759,3
26746,1
9663,8
9829,7
30433,8
26207,0
24059,8
48170,3
14080,0
49354,1
23100,1
29141,6
18160,1
28059,1
29543,1
7570,9
1775,8
29430,1
14727,0
41588,0
35658,0
19221,3
49911,9
14436,9
37438,4
42014,2
16150,5
38343,5
1845,3
14000,4
46822,0
15204,9
42254,8
22571,2
12391,3
6971,1
28459,9
13414,6
20071,6
41881,7
12103,4
26521,1
2908,9
13810,8
46350,5
20434,0
24971,0
36668,9
19620,9
10286,8
23078,4
10100,1
40680,0
11757,4
49444,3
2505,3
36851,5
16876,7
1834,3
26947,7
5488,4
27373,2
7360,0
11170,9
43328,3
1600,5
17554,6
39835,7
23081,8
44671,1
7539,3
35591,6
37348,8
34614,2
22799,0
9737,3
13755,1
40174,9
32388,4
29270,1
26095,5
22659,1
40800,5
11264,1
28612,5
43957,4
683,9
35237,5
16085,4
4452,6
45687,1
18557,9
43666,6
22447,9
40501,6
9714,0
49289,6
48195,4
28525,0
37390,1
33135,2
45371,8
46964,0
43481,6
8256,6
944,5
13078,9
25208,1
25502,0
35651,1
37994,8
23831,5
29375,6
10009,6
39555,6
13795,9
13293,8
47965,6
8492,6
46442,8
47037,5
24794,7
46142,8
38258,5
32430,2
44208,2
16655,9
19172,8
2753,1
21633,0
32114,8
553,9
44584,2
30427,6
45649,8
39807,7
9992,2
40920,6
6691,2
2990,4
19271,5
47681,3
9998,1
26584,4
48219,7
16410,1
33884,7
38096,2
40673,6
17044,4
13590,3
22599,7
30692,9
48545,2
27652,3
4217,6
9299,2
17446,3
1375,8
35415,4
30253,7
9526,2
27721,2
18012,0
48576,7
2316,5
4702,5
29093,6
28686,2
26184,0
10256,6
33411,6
10693,1
26817,9
25232,4
22341,7
39984,9
33319,5
45679,0
47364,1
21734,5
48685,5
31233,9
33011,0
25526,6
38780,7
21820,7
3080,5
20587,9
41567,8
36619,7
26232,6
46123,6
42143,1
24534,0
14241,6
33485,7
7899,6
21113,7
15830,6
359,5
31496,2
49356,1
14522,5
18618,6
25149,2
2917,9
23991,9
21570,4
39124,5
35185,4
7904,9
9814,6
11978,8
25839,9
39382,2
2206,9
36150,5
27812,4
44680,0
37832,8
12440,3
46221,9
16545,6
15166,5
8457,5
10152,2
22384,6
43287,2
13285,5
11784,6
14697,2
16639,6
32097,7
44119,5
32607,3
9209,1
15086,0
25278,1
14691,5
15637,9
7008,2
9779,4
21238,1
44919,9
1951,3
25410,7
39302,4
29652,7
39995,0
20082,8
24454,4
31525,5
23700,3
5662,9
37577,4
14204,1
1460,5
14393,0
29425,5
26492,6
15600,6
28610,6
33712,7
7322,4
1544,7
4608,2
27590,5
1087,8
22167,0
38764,3
43379,6
30611,3
25636,4
6393,0
15582,4
49047,7
18507,4
26278,5
37238,6
46609,6
35232,5
26249,7
23210,1
2631,6
5029,4
27609,0
38689,8
8166,2
46767,5
33882,3
1206,5
42851,9
48807,4
38731,2
24889,4
19607,3
10454,3
27396,7
15265,3
4099,1
47157,5
48469,8
11239,6
22073,5
24864,6
11869,4
38522,1
36195,0
513,2
198,5
6763,7
36265,7
9439,1
28235,9
49479,8
8774,0
15290,7
34011,3
11702,1
22732,2
1809,6
3458,6
21604,1
49225,1
31472,7
10490,7
34020,6
43568,7
544,2
632,4
47721,3
37307,8
35050,4
16988,8
10615,4
14386,3
6255,7
1592,7
37933,6
47375,0
3597,9
12262,9
36181,1
42438,1
935,6
26629,2
44284,5
8205,5
27000,0
6387,4
4959,6
5189,2
49990,4
4250,1
41021,3
7952,2
32780,5
45057,3
10235,7
18698,1
20254,6
32700,7
32773,5
10304,3
47273,2
2820,8
47679,8
35456,0
6505,4
25929,2
41132,8
12304,3
19320,5
30618,5
22458,0
11080,0
15047,7
941,3
41012,3
16102,2
30813,6
48697,7
29222,9
25913,6
24888,6
940,0
10414,3
1468,8
15426,4
25115,2
5994,0
28773,3
5246,8
9251,1
44993,1
25395,8
765,0
46418,6
34963,8
35770,3
1043,9
30379,9
23897,1
44513,3
46036,4
16570,2
3733,7
26451,7
36174,7
37253,1
18833,3
43597,6
21878,0
36963,7
43448,4
42219,4
16332,1
16610,5
23372,3
7837,3
16832,8
13964,0
1384,9
24433,5
184,1
138,2
40725,6
40644,0
13827,9
13265,9
22301,5
9701,9
46803,4
39873,6
3043,3
34350,4
3510,9
4840,1
38962,7
23855,8
10014,5
44342,6
10048,3
40945,0
21930,0
13790,7
19330,2
41497,3
45680,8
22540,0
29385,6
37593,6
19928,0
8659,7
4085,2
20051,2
12490,8
4002,5
33477,5
40773,5
41332,7
20550,7
3456,5
37995,1
35114,6
32675,6
1870,4
41770,4
40467,5
41065,7
27328,2
22878,6
37646,0
28097,4
21923,9
32662,0
25217,2
4415,6
47329,0
40337,6
10578,0
35300,8
39045,3
7913,1
24787,8
2767,9
47800,2
19839,3
42712,6
32810,9
44567,7
24745,0
24419,4
49876,8
2786,6
31210,9
39065,9
48562,8
48979,0
14937,4
33035,5
20022,6
27637,7
48951,2
35059,0
32283,0
41564,5
17148,5
6998,7
38120,8
40713,1
6443,5
36855,4
34476,5
26862,3
30282,4
12837,3
71,9
36706,0
5478,3
13302,3
12941,7
2095,5
36089,6
13848,2
4078,7
7950,6
40521,6
14099,9
34655,8
22353,6
23608,9
9597,2
5551,9
5188,7
5300,9
16991,8
374,5
32979,1
38872,1
14631,6
25854,5
26210,3
25469,6
19662,0
40063,9
31296,9
35518,8
17583,6
17200,0
40839,3
24568,7
46717,1
12365,7
14908,5
15148,7
28367,6
40339,9
42521,8
3832,8
11850,1
24938,9
26824,0
2409,6
15735,0
26433,1
13002,1
39103,5
11694,5
805,3
2814,7
45126,1
27868,1
10620,8
26318,7
6943,4
167,5
31800,7
35589,7
47068,0
23122,3
7617,8
42663,1
1475,2
19612,5
45003,1
25490,3
26637,1
20902,0
9214,7
42994,9
12840,9
37598,5
49868,0
49325,3
3219,4
1221,4
32376,0
46458,0
386,7
6970,2
38214,8
16207,2
41461,3
13173,5
41925,2
19842,9
34275,7
41070,8
30199,7
10174,4
39748,5
40355,0
4317,4
42114,7
35696,7
5098,5
26966,6
6219,8
4408,8
44540,2
10198,9
38761,3
38953,4
39241,0
10734,7
18690,4
12782,2
14443,6
30593,4
45904,0
39102,1
6034,9
36285,6
48986,0
42464,1
28791,0
29267,4
48092,2
35879,5
39088,7
2448,9
34353,5
45049,4
28325,6
29154,3
45346,2
25495,2
16061,9
43802,9
27901,0
18740,9
32202,1
3475,3
33639,9
34113,7
7949,8
22988,2
20442,1
40926,8
22735,6
19752,3
26183,3
32569,6
13422,1
3521,6
37769,3
19137,2
49924,8
47260,2
41876,9
48531,2
9096,0
34139,6
45343,7
3359,8
1703,3
47274,0
33942,8
3430,8
48505,4
23663,5
14968,3
31054,2
35735,5
15241,8
37872,0
42737,3
2311,7
31597,7
2127,3
23582,6
29045,9
17077,4
39432,7
15297,2
30582,1
14261,7
2511,1
19563,9
9493,0
9004,0
14372,7
32312,3
30233,0
8637,8
9179,1
31526,8
42471,9
36837,9
2654,4
735,0
34092,6
45338,8
17858,6
40007,3
1244,5
29896,5
40600,5
18356,3
11669,7
11439,6
7541,6
11506,4
7083,8
27062,4
25181,1
16336,8
47071,6
15632,1
30498,7
41802,2
45875,2
24806,4
44631,3
8400,5
47940,2
36109,9
14412,4
7144,0
11497,1
21681,8
39947,4
43672,2
44360,4
23361,1
43402,3
34398,2
26925,8
46338,0
404,0
36126,5
8391,7
44064,7
3072,1
17787,4
8049,4
39030,7
34981,2
9176,4
32505,0
9270,9
10892,7
18523,4
36091,8
12105,3
3851,1
9634,5
36932,7
42083,0
27981,0
12528,3
11368,8
15079,7
25899,3
14605,3
47583,9
23763,3
33211,3
17146,4
5975,1
6003,6
13188,6
30268,4
398,4
15618,8
40238,7
42821,2
17022,8
49531,5
4445,7
41492,7
12477,0
23401,3
5437,9
18217,6
43499,4
21599,7
13856,2
14643,1
6094,5
16218,6
27924,8
15379,0
20600,9
30327,9
14863,7
40375,4
7296,4
15445,6
49960,8
40700,8
45825,9
1912,9
29443,7
30862,3
40814,1
29511,2
47540,1
48115,1
40274,6
21891,7
35511,7
31807,7
17990,9
22810,2
17570,4
22517,3
13854,8
40301,4
31441,9
39578,8
1909,7
21777,0
29975,7
36073,5
26392,7
27186,2
1019,7
23620,7
26854,4
22255,8
44281,1
11073,0
30461,3
26544,3
16892,0
985,6
33750,0
26849,3
37609,6
39986,6
49293,7
20455,8
41218,8
33161,5
40490,5
33557,6
28257,7
11687,6
33392,1
15721,8
5642,0
38643,1
18893,0
14272,7
36209,8
32452,5
39499,2
17128,1
16894,0
12428,3
35621,8
9140,0
36718,7
7284,1
16400,1
35285,0
4545,9
20049,4
43778,4
40457,3
42119,1
34031,6
31008,9
41842,0
32288,4
15498,6
9496,7
12811,3
47794,7
2616,7
12282,4
21234,1
18924,6
37208,2
37384,8
13658,5
8575,9
26356,7
1949,5
35692,1
14759,5
15085,9
16476,8
14168,1
47286,7
13820,2
47379,0
7749,3
20039,0
19705,6
8147,0
26693,0
21048,4
28875,4
19675,6
49748,1
29609,9
48701,5
49306,3
21529,1
48428,0
36875,9
45055,9
1174,8
37475,3
12210,1
28418,8
37430,7
12069,5
507,8
13482,7
18909,6
41990,2
654,7
33372,8
24154,3
19655,2
49910,8
23978,0
21879,5
19346,7
31710,5
30758,9
17648,7
42617,8
21328,1
22225,5
49096,1
44818,1
3683,6
12532,5
9276,4
35862,2
8924,7
47954,5
18419,2
25739,9
10566,5
28372,4
9887,4
8687,7
33487,9
2507,2
29674,8
23832,1
11634,6
42673,1
37578,2
44366,7
20293,6
15101,9
4924,4
44526,1
87,7
35377,0
19983,1
20179,7
39969,6
32214,4
24273,9
12967,0
24704,3
27894,7
23035,0
33929,2
2150,6
1493,0
31606,3
8159,9
3152,5
10481,7
48427,2
17916,5
18197,4
38123,4
34974,2
1420,6
46588,1
4901,7
36478,6
34885,2
19178,4
3346,1
15977,2
12923,1
46574,9
28864,3
30859,8
39005,4
44067,0
22027,6
40205,5
22326,0
41626,7
1928,5
26598,3
36112,2
12849,1
32265,8
48695,7
30425,4
26620,9
25599,0
18046,6
39062,2
43074,6
25858,5
2666,8
46823,4
12250,2
34123,0
22854,7
44499,1
48423,7
458,4
33464,5
45621,0
8594,8
17061,9
49649,5
45372,8
28651,6
45465,9
42004,8
33895,0
31757,0
28606,6
39338,1
34225,3
38102,2
36148,0
15901,9
33628,5
12404,9
17881,8
42111,5
19640,9
15245,7
13558,1
32634,4
6437,4
26589,5
22984,1
45068,1
12109,2
23375,6
19796,9
16849,9
5956,0
37244,7
23911,2
11002,0
34055,3
4198,2
23838,8
27091,2
19249,3
38172,5
12171,6
47130,8
5162,3
30399,1
2508,9
42933,8
16507,6
24572,4
29237,4
6922,1
33108,2
27937,6
25273,3
18209,9
22177,8
45771,8
40915,9
7182,7
37089,4
10133,1
21837,9
17820,8
34801,3
7431,8
9336,9
29436,6
32907,6
4747,7
21186,5
36561,6
15767,0
9536,8
594,9
31066,8
47308,7
14160,5
13166,1
12904,3
22509,4
34152,8
43665,2
7768,3
35387,2
30851,1
17065,5
44822,8
703,9
7962,2
36217,5
8670,9
34680,4
43159,8
49142,3
10224,4
48481,8
6478,8
16380,0
44706,5
20450,4
34163,1
36037,7
46399,3
11926,7
38554,8
28872,2
15078,6
13526,1
23664,9
34799,0
12258,8
32774,3
20717,6
36534,8
47011,5
49092,0
10564,1
10641,4
41284,9
34561,4
9320,6
23887,1
29210,9
22819,5
42705,8
46546,5
45941,5
36107,1
21492,4
40336,8
40411,0
3794,5
11867,7
1007,4
39718,5
46963,8
39755,7
8208,4
7311,0
37882,7
334,3
9548,7
19792,1
42944,8
13140,6
11812,0
6803,8
7593,3
6304,3
7863,7
6458,3
35274,8
10949,3
10302,8
17743,0
49288,5
7703,9
34156,6
6648,2
42203,8
25643,4
13081,2
15267,4
16355,7
